id,name,amount,currency,region,event_ts
1,alpha,120.5,USD,us-east-1,2026-02-01T10:00:00Z
2,beta,50.0,USD,us-west-2,2026-02-01T10:00:01Z
3,gamma,780.2,EUR,eu-west-1,2026-02-01T10:00:02Z
4,delta,42.1,INR,ap-south-1,2026-02-01T10:00:03Z
5,epsilon,98.6,USD,us-east-2,2026-02-01T10:00:04Z
6,zeta,500.0,GBP,eu-west-2,2026-02-01T10:00:05Z
7,eta,11.2,USD,us-central-1,2026-02-01T10:00:06Z
8,theta,900.3,JPY,ap-northeast-1,2026-02-01T10:00:07Z
9,iota,33.8,USD,us-east-1,2026-02-01T10:00:08Z
10,kappa,1210.0,CAD,ca-central-1,2026-02-01T10:00:09Z
